{
  "metadata": {
    "description": "BeamScan material properties database",
    "sources": ["PDG Review of Particle Physics 2024", "NIST XCOM", "Geant4 NIST database"],
    "units": {
      "X0": "cm",
      "density": "g/cm³",
      "theta0_values": "mrad (Highland formula, 10 mm target)"
    }
  },
  "materials": [
    {
      "name": "PE",
      "full_name": "Polyethylene",
      "formula": "(C₂H₄)ₙ",
      "geant4_name": "G4_POLYETHYLENE",
      "category": "plastic",
      "X0_cm": 47.9,
      "density_gcc": 0.94,
      "Z_eff": 3.4,
      "theta0_3GeV_10mm_mrad": 0.559,
      "theta0_6GeV_10mm_mrad": 0.279,
      "application": "Most common packaging plastic (bottles, bags, films)"
    },
    {
      "name": "PP",
      "full_name": "Polypropylene",
      "formula": "(C₃H₆)ₙ",
      "geant4_name": "G4_POLYPROPYLENE",
      "category": "plastic",
      "X0_cm": 47.4,
      "density_gcc": 0.90,
      "Z_eff": 3.4,
      "theta0_3GeV_10mm_mrad": 0.562,
      "theta0_6GeV_10mm_mrad": 0.281,
      "application": "Food containers, bottle caps, automotive parts"
    },
    {
      "name": "PS",
      "full_name": "Polystyrene",
      "formula": "(C₈H₈)ₙ",
      "geant4_name": "G4_POLYSTYRENE",
      "category": "plastic",
      "X0_cm": 42.5,
      "density_gcc": 1.05,
      "Z_eff": 3.6,
      "theta0_3GeV_10mm_mrad": 0.596,
      "theta0_6GeV_10mm_mrad": 0.298,
      "application": "Disposable cups, packaging foam, insulation"
    },
    {
      "name": "Nylon",
      "full_name": "Nylon 6,6",
      "formula": "(C₁₂H₂₂N₂O₂)ₙ",
      "geant4_name": "G4_NYLON-6-6",
      "category": "plastic",
      "X0_cm": 36.7,
      "density_gcc": 1.14,
      "Z_eff": 3.9,
      "theta0_3GeV_10mm_mrad": 0.646,
      "theta0_6GeV_10mm_mrad": 0.323,
      "application": "Textiles, fishing nets, engineering parts"
    },
    {
      "name": "PMMA",
      "full_name": "Polymethyl methacrylate (Plexiglass)",
      "formula": "(C₅H₈O₂)ₙ",
      "geant4_name": "G4_PLEXIGLASS",
      "category": "plastic",
      "X0_cm": 34.4,
      "density_gcc": 1.18,
      "Z_eff": 4.0,
      "theta0_3GeV_10mm_mrad": 0.669,
      "theta0_6GeV_10mm_mrad": 0.335,
      "application": "Transparent panels, lenses, dental prosthetics"
    },
    {
      "name": "PET",
      "full_name": "Polyethylene terephthalate",
      "formula": "(C₁₀H₈O₄)ₙ",
      "geant4_name": "G4_MYLAR",
      "category": "plastic",
      "X0_cm": 28.7,
      "density_gcc": 1.38,
      "Z_eff": 4.5,
      "theta0_3GeV_10mm_mrad": 0.738,
      "theta0_6GeV_10mm_mrad": 0.369,
      "application": "Beverage bottles, food packaging, textiles (polyester)"
    },
    {
      "name": "PVC",
      "full_name": "Polyvinyl chloride",
      "formula": "(C₂H₃Cl)ₙ",
      "geant4_name": "G4_POLYVINYL_CHLORIDE",
      "category": "plastic",
      "X0_cm": 15.3,
      "density_gcc": 1.40,
      "Z_eff": 8.4,
      "theta0_3GeV_10mm_mrad": 1.039,
      "theta0_6GeV_10mm_mrad": 0.519,
      "application": "Pipes, flooring, cable insulation — PROBLEM PLASTIC for recycling (releases HCl)"
    },
    {
      "name": "Obsidian",
      "full_name": "Obsidian (volcanic glass)",
      "formula": "~70% SiO₂ + Na/K/Fe oxides",
      "geant4_name": "Obsidian",
      "category": "heritage",
      "X0_cm": 12.3,
      "density_gcc": 2.40,
      "Z_eff": 10.8,
      "theta0_3GeV_10mm_mrad": 1.169,
      "theta0_6GeV_10mm_mrad": 0.585,
      "application": "Pre-Columbian tools and weapons, archaeological trade-route tracing"
    },
    {
      "name": "SiO₂",
      "full_name": "Fused quartz / silica",
      "formula": "SiO₂",
      "geant4_name": "G4_SILICON_DIOXIDE",
      "category": "heritage",
      "X0_cm": 12.29,
      "density_gcc": 2.20,
      "Z_eff": 10.8,
      "theta0_3GeV_10mm_mrad": 1.170,
      "theta0_6GeV_10mm_mrad": 0.585,
      "application": "Pottery component, glassmaking, geological reference"
    },
    {
      "name": "CaCO₃",
      "full_name": "Calcium carbonate (calcite / marble)",
      "formula": "CaCO₃",
      "geant4_name": "G4_CALCIUM_CARBONATE",
      "category": "heritage",
      "X0_cm": 10.7,
      "density_gcc": 2.71,
      "Z_eff": 12.6,
      "theta0_3GeV_10mm_mrad": 1.261,
      "theta0_6GeV_10mm_mrad": 0.631,
      "application": "Marble sculpture, mortar/plaster, limestone buildings"
    },
    {
      "name": "Al₂O₃",
      "full_name": "Aluminium oxide (alumina / corundum)",
      "formula": "Al₂O₃",
      "geant4_name": "G4_ALUMINUM_OXIDE",
      "category": "heritage",
      "X0_cm": 10.2,
      "density_gcc": 3.95,
      "Z_eff": 11.2,
      "theta0_3GeV_10mm_mrad": 1.294,
      "theta0_6GeV_10mm_mrad": 0.647,
      "application": "Ceramic reference material, gemstones (ruby, sapphire)"
    },
    {
      "name": "Fe₂O₃",
      "full_name": "Iron(III) oxide (hematite / red ochre)",
      "formula": "Fe₂O₃",
      "geant4_name": "G4_FERRIC_OXIDE",
      "category": "heritage",
      "X0_cm": 5.5,
      "density_gcc": 5.24,
      "Z_eff": 20.6,
      "theta0_3GeV_10mm_mrad": 1.808,
      "theta0_6GeV_10mm_mrad": 0.904,
      "application": "Red ochre pigment (cave paintings), pottery glaze, geological reference"
    }
  ]
}
